-- MySQL dump 10.13  Distrib 8.0.41, for Win64 (x86_64)
--
-- Host: localhost    Database: pet_do_brasil
-- ------------------------------------------------------
-- Server version	8.0.41

/*!40101 SET @OLD_CHARACTER_SET_CLIENT=@@CHARACTER_SET_CLIENT */;
/*!40101 SET @OLD_CHARACTER_SET_RESULTS=@@CHARACTER_SET_RESULTS */;
/*!40101 SET @OLD_COLLATION_CONNECTION=@@COLLATION_CONNECTION */;
/*!50503 SET NAMES utf8 */;
/*!40103 SET @OLD_TIME_ZONE=@@TIME_ZONE */;
/*!40103 SET TIME_ZONE='+00:00' */;
/*!40014 SET @OLD_UNIQUE_CHECKS=@@UNIQUE_CHECKS, UNIQUE_CHECKS=0 */;
/*!40014 SET @OLD_FOREIGN_KEY_CHECKS=@@FOREIGN_KEY_CHECKS, FOREIGN_KEY_CHECKS=0 */;
/*!40101 SET @OLD_SQL_MODE=@@SQL_MODE, SQL_MODE='NO_AUTO_VALUE_ON_ZERO' */;
/*!40111 SET @OLD_SQL_NOTES=@@SQL_NOTES, SQL_NOTES=0 */;

--
-- Table structure for table `comentario`
--

DROP TABLE IF EXISTS `comentario`;
/*!40101 SET @saved_cs_client     = @@character_set_client */;
/*!50503 SET character_set_client = utf8mb4 */;
CREATE TABLE `comentario` (
  `id` int NOT NULL AUTO_INCREMENT,
  `usuarioid` int NOT NULL,
  `publicacaoid` int NOT NULL,
  `texto` text NOT NULL,
  `data_comentario` datetime DEFAULT CURRENT_TIMESTAMP,
  PRIMARY KEY (`id`),
  KEY `usuarioid` (`usuarioid`),
  KEY `publicacaoid` (`publicacaoid`),
  CONSTRAINT `comentario_ibfk_1` FOREIGN KEY (`usuarioid`) REFERENCES `usuario` (`id`),
  CONSTRAINT `comentario_ibfk_2` FOREIGN KEY (`publicacaoid`) REFERENCES `publicacao` (`id_publicacao`) ON DELETE CASCADE
) ENGINE=InnoDB AUTO_INCREMENT=9 DEFAULT CHARSET=utf8mb4 COLLATE=utf8mb4_0900_ai_ci;
/*!40101 SET character_set_client = @saved_cs_client */;

--
-- Dumping data for table `comentario`
--

LOCK TABLES `comentario` WRITE;
/*!40000 ALTER TABLE `comentario` DISABLE KEYS */;
INSERT INTO `comentario` VALUES (1,1,4,'oi','2025-04-05 00:46:31'),(8,4,4,'oioi','2025-04-07 16:36:25');
/*!40000 ALTER TABLE `comentario` ENABLE KEYS */;
UNLOCK TABLES;

--
-- Table structure for table `curtida`
--

DROP TABLE IF EXISTS `curtida`;
/*!40101 SET @saved_cs_client     = @@character_set_client */;
/*!50503 SET character_set_client = utf8mb4 */;
CREATE TABLE `curtida` (
  `id` int NOT NULL AUTO_INCREMENT,
  `usuarioid` int NOT NULL,
  `publicacaoid` int NOT NULL,
  `tipo_interacao` enum('like','deslike','none') NOT NULL DEFAULT 'none',
  PRIMARY KEY (`id`),
  UNIQUE KEY `usuario_publicacao_unique` (`usuarioid`,`publicacaoid`),
  KEY `usuarioid` (`usuarioid`),
  KEY `publicacaoid` (`publicacaoid`),
  CONSTRAINT `curtida_ibfk_1` FOREIGN KEY (`usuarioid`) REFERENCES `usuario` (`id`),
  CONSTRAINT `curtida_ibfk_2` FOREIGN KEY (`publicacaoid`) REFERENCES `publicacao` (`id_publicacao`) ON DELETE CASCADE
) ENGINE=InnoDB AUTO_INCREMENT=22 DEFAULT CHARSET=utf8mb4 COLLATE=utf8mb4_0900_ai_ci;
/*!40101 SET character_set_client = @saved_cs_client */;

--
-- Dumping data for table `curtida`
--

LOCK TABLES `curtida` WRITE;
/*!40000 ALTER TABLE `curtida` DISABLE KEYS */;
INSERT INTO `curtida` VALUES (1,1,4,'like'),(3,4,1,'like'),(10,4,3,'none'),(18,4,4,'deslike');
/*!40000 ALTER TABLE `curtida` ENABLE KEYS */;
UNLOCK TABLES;

--
-- Table structure for table `empresa`
--

DROP TABLE IF EXISTS `empresa`;
/*!40101 SET @saved_cs_client     = @@character_set_client */;
/*!50503 SET character_set_client = utf8mb4 */;
CREATE TABLE `empresa` (
  `id_empresa` int NOT NULL AUTO_INCREMENT,
  `nome` varchar(100) NOT NULL,
  `logo` text,
  `createdat` timestamp NULL DEFAULT CURRENT_TIMESTAMP,
  `updatedat` timestamp NULL DEFAULT CURRENT_TIMESTAMP ON UPDATE CURRENT_TIMESTAMP,
  PRIMARY KEY (`id_empresa`)
) ENGINE=InnoDB AUTO_INCREMENT=2 DEFAULT CHARSET=utf8mb4 COLLATE=utf8mb4_0900_ai_ci;
/*!40101 SET character_set_client = @saved_cs_client */;

--
-- Dumping data for table `empresa`
--

LOCK TABLES `empresa` WRITE;
/*!40000 ALTER TABLE `empresa` DISABLE KEYS */;
INSERT INTO `empresa` VALUES (1,'Pet do Brasil','images/logo_pet_do_brasil.png','2025-04-04 23:18:38','2025-04-04 23:18:38');
/*!40000 ALTER TABLE `empresa` ENABLE KEYS */;
UNLOCK TABLES;

--
-- Table structure for table `publicacao`
--

DROP TABLE IF EXISTS `publicacao`;
/*!40101 SET @saved_cs_client     = @@character_set_client */;
/*!50503 SET character_set_client = utf8mb4 */;
CREATE TABLE `publicacao` (
  `id_publicacao` int NOT NULL AUTO_INCREMENT,
  `foto` text,
  `nome_pet` varchar(100) NOT NULL,
  `local` varchar(100) DEFAULT NULL,
  `cidade` varchar(100) DEFAULT NULL,
  `usuarioid` int NOT NULL,
  `createdat` timestamp NULL DEFAULT CURRENT_TIMESTAMP,
  `updatedat` timestamp NULL DEFAULT CURRENT_TIMESTAMP ON UPDATE CURRENT_TIMESTAMP,
  PRIMARY KEY (`id_publicacao`),
  KEY `publicacao_ibfk_1` (`usuarioid`),
  CONSTRAINT `publicacao_ibfk_1` FOREIGN KEY (`usuarioid`) REFERENCES `usuario` (`id`)
) ENGINE=InnoDB AUTO_INCREMENT=8 DEFAULT CHARSET=utf8mb4 COLLATE=utf8mb4_0900_ai_ci;
/*!40101 SET character_set_client = @saved_cs_client */;

--
-- Dumping data for table `publicacao`
--

LOCK TABLES `publicacao` WRITE;
/*!40000 ALTER TABLE `publicacao` DISABLE KEYS */;
INSERT INTO `publicacao` VALUES (1,'images/pet01.png','Luna','Parque Ibirapuera','São Paulo-SP',1,'2025-04-04 23:18:38','2025-04-04 23:18:38'),(2,'images/pet02.png','Max','Praia de Copacabana','Rio de Janeiro-RJ',2,'2025-04-04 23:18:38','2025-04-04 23:18:38'),(3,'images/pet03.png','Bella','Parque Barigui','Curitiba-PR',3,'2025-04-04 23:18:38','2025-04-04 23:18:38'),(4,'/images/1743824718500.jpg','pet','minas gerais','caratinga',1,'2025-04-05 03:45:18','2025-04-05 03:45:18');
/*!40000 ALTER TABLE `publicacao` ENABLE KEYS */;
UNLOCK TABLES;

--
-- Table structure for table `usuario`
--

DROP TABLE IF EXISTS `usuario`;
/*!40101 SET @saved_cs_client     = @@character_set_client */;
/*!50503 SET character_set_client = utf8mb4 */;
CREATE TABLE `usuario` (
  `id` int NOT NULL AUTO_INCREMENT,
  `nome` varchar(255) NOT NULL,
  `email` varchar(100) NOT NULL,
  `nickname` varchar(50) NOT NULL,
  `senha` varchar(255) NOT NULL,
  `createdat` timestamp NULL DEFAULT CURRENT_TIMESTAMP,
  `updatedat` timestamp NULL DEFAULT CURRENT_TIMESTAMP ON UPDATE CURRENT_TIMESTAMP,
  PRIMARY KEY (`id`),
  UNIQUE KEY `email` (`email`),
  UNIQUE KEY `nickname` (`nickname`)
) ENGINE=InnoDB AUTO_INCREMENT=5 DEFAULT CHARSET=utf8mb4 COLLATE=utf8mb4_0900_ai_ci;
/*!40101 SET character_set_client = @saved_cs_client */;

--
-- Dumping data for table `usuario`
--

LOCK TABLES `usuario` WRITE;
/*!40000 ALTER TABLE `usuario` DISABLE KEYS */;
INSERT INTO `usuario` VALUES (1,'Ana Souza','ana.souza@email.com','anasz','senha123','2025-04-05 03:35:05','2025-04-05 03:35:05'),(2,'Carlos Lima','carlos.lima@email.com','carlim','minhasenha','2025-04-05 03:35:05','2025-04-05 03:35:05'),(3,'Mariana Alves','mariana.alves@email.com','mari_a','1234abcd','2025-04-05 03:35:05','2025-04-05 03:35:05'),(4,'Paulo','okok@gmail.com','Paulin','1234','2025-04-05 03:58:50','2025-04-05 03:58:50');
/*!40000 ALTER TABLE `usuario` ENABLE KEYS */;
UNLOCK TABLES;

--
-- Dumping routines for database 'pet_do_brasil'
--
/*!40103 SET TIME_ZONE=@OLD_TIME_ZONE */;

/*!40101 SET SQL_MODE=@OLD_SQL_MODE */;
/*!40014 SET FOREIGN_KEY_CHECKS=@OLD_FOREIGN_KEY_CHECKS */;
/*!40014 SET UNIQUE_CHECKS=@OLD_UNIQUE_CHECKS */;
/*!40101 SET CHARACTER_SET_CLIENT=@OLD_CHARACTER_SET_CLIENT */;
/*!40101 SET CHARACTER_SET_RESULTS=@OLD_CHARACTER_SET_RESULTS */;
/*!40101 SET COLLATION_CONNECTION=@OLD_COLLATION_CONNECTION */;
/*!40111 SET SQL_NOTES=@OLD_SQL_NOTES */;

-- Dump completed on 2025-04-07 16:41:43
